Id,TitleId,RealName,CharacterName,Role
36954,45170,Lauren Hoeger,Chet Turcotte,Screenwriter
21605,45170,Verla Fadel,Evalyn Gibson,Actor
62966,46345,Rafaela Larson,Micaela Collier,Screenwriter
63132,46345,Rudy Wehner,Elyse Baumbach,Cinematographer
75704,46345,Haley Orn,Cody Wuckert,Cinematographer
48525,46345,Milo Legros,Sunny Morissette,ProductionDesigner
5660,9529,Annabel Smitham,Caterina Pfannerstill,MusicComposer
70408,9529,Efrain Bernier,Jodie Friesen,Actress
31657,57127,Karolann Schultz,Mark Douglas,Actor
84449,57127,Maye Daniel,Bettie Russel,Actress
41782,57127,Dennis Dach,Lavinia Yundt,CostumeDesigner
6391,25245,Noe Macejkovic,Damon Trantow,Actor
84520,25245,Celia Konopelski,Opal Rice,FilmEditor
53443,25245,Camryn Swift,Winifred Stokes,Producer
48145,71784,Alena Turcotte,Destin Cremin,FilmEditor
58111,71784,Eve Hayes,Kendall Bahringer,FilmEditor
32464,63647,Marcellus Rippin,Gregorio Mertz,Actress
69655,63647,Merle Johns,Arturo McClure,MusicComposer
47157,63647,Lera Fritsch,Arvid Ward,Cinematographer
86262,65136,Kelli VonRueden,Kiara Predovic,MusicComposer
42082,65136,River Towne,Naomie Bergstrom,ProductionDesigner
67808,65136,Antonia Hoeger,Jammie Schamberger,Actor
41445,75650,Odessa Kohler,Retta Schmidt,Actor
92345,75650,Patience Botsford,Glennie Wilderman,CostumeDesigner
37910,51943,Jailyn Feil,Dangelo Kihn,CostumeDesigner
33199,51943,Peggie Aufderhar,Luigi Schmitt,CostumeDesigner
93576,89124,Enoch Thompson,Dandre Toy,ProductionDesigner
37049,89124,Austyn Schmitt,Alan Gleason,FilmEditor
20616,25289,Paul Hartmann,Noel Corwin,Screenwriter
25723,25289,Elaina Turner,Ivory Frami,Actress
77292,56579,Blaise Collier,Savanah Lind,Cinematographer
98781,56579,Jed Schoen,Reinhold Johnson,Actor
46605,32090,Angeline Bode,Johnson Goyette,ProductionDesigner
28105,32090,Adaline Shanahan,Lucie Cormier,CostumeDesigner
56619,73671,Retta Grimes,Keith Heathcote,Producer
22362,73671,Barry Goodwin,Alexanne Rice,Producer
12413,73671,Raleigh Ferry,Lauriane Kessler,MusicComposer
28096,73671,Hermann Larkin,Nikolas Herman,Cinematographer
52707,73671,Percival Hane,Tyra Schiller,Cinematographer
65416,19703,Hillard Mann,Foster Goyette,MusicComposer
64439,19703,Abdiel Langosh,Jessika Jenkins,Screenwriter
26857,19703,Irma Schmitt,Dariana Farrell,Producer
66253,74279,Brook Stiedemann,Reva Rath,ProductionDesigner
97061,74279,Katharina Runolfsdottir,Noemy Lebsack,Director
20384,74279,Kacie Lynch,Miracle Tromp,Actress
47246,74279,Otho Larson,Daren Klein,Producer
12678,34656,Harmony Jacobi,Aaron Flatley,Actress
22977,34656,Terry Ebert,Lamont Lakin,CostumeDesigner
40219,89782,Ericka Fadel,Abigayle Simonis,Screenwriter
35848,89782,Keshaun Jast,Jason Von,Cinematographer
43677,89782,Saige Dickinson,Carlos Murazik,Cinematographer
69729,89782,Colton Langosh,Juanita Shields,Director
23190,37895,Waldo DuBuque,Lelia Rolfson,Cinematographer
63628,37895,Judah Donnelly,Gianni Rath,Producer
55132,37895,Garrison Hauck,Frederique Koch,Screenwriter
8059,37895,Merlin Cronin,Gaylord Sauer,Producer
95956,17717,Kian Nicolas,Kelli Larkin,Director
38084,17717,Ricardo Quigley,Verona Crooks,Actress
74991,76742,Andreanne Stoltenberg,Flavio Kovacek,Actress
90691,76742,Hope Mayert,Gust Bayer,Screenwriter
86273,67394,Regan Mitchell,Woodrow Beatty,Actor
195,67394,Domenica Ebert,Soledad Nitzsche,Screenwriter
94987,89600,Norwood Koelpin,Rosalee Weber,MusicComposer
8870,89600,Cindy Jacobs,Ludwig Little,Cinematographer
77925,59661,Josue Effertz,Marcella Gerhold,FilmEditor
18221,59661,Winston Purdy,Lauretta Russel,Producer
17124,78566,Adalberto Farrell,Anita Stiedemann,Screenwriter
84402,78566,Keeley Welch,Janet Windler,Director
71323,2127,Frida Beahan,Carmela Rodriguez,Actor
98983,2127,Myrtis Moen,Adell Medhurst,Producer
35673,59991,Winston Yost,Frida Morar,Producer
22805,59991,Jo Thiel,Serena O'Connell,Cinematographer
52876,59991,Stacey Ziemann,Jermey Bergstrom,Producer
13207,91860,Lavon Braun,Zack Cormier,Director
43020,91860,Ken Hoeger,Amos Ullrich,CostumeDesigner
30960,9912,Angela Luettgen,Jakayla Beatty,Director
39071,9912,Verna Predovic,Clarabelle Lesch,CostumeDesigner
99965,6210,Charlie Nicolas,Adelle Schmitt,CostumeDesigner
46231,6210,Esperanza Swift,Evan Crooks,Cinematographer
74917,6210,Jaylin Conroy,Neva Kuvalis,Director
59688,6210,Sarah Robel,Brigitte Rice,Cinematographer
19349,48894,Antonietta Bode,Howard Cummerata,Screenwriter
95092,48894,Roosevelt Deckow,Keegan Kulas,MusicComposer
1781,36464,Jan Stark,Callie Lehner,ProductionDesigner
34072,36464,Ivy Graham,Francesca Quitzon,Director
89774,36464,Else Corkery,Adell Bartell,Actress
19199,32823,Beatrice Reinger,Yoshiko Keebler,CostumeDesigner
54919,32823,Bo Smitham,Freida Becker,ProductionDesigner
70410,82131,Sydney Stiedemann,Ashly Reinger,CostumeDesigner
75280,82131,Rogelio Harris,Ophelia Kling,Producer
92160,82131,Justine Turcotte,Delpha Hackett,Screenwriter
65533,49678,Antonetta Braun,Kristofer Macejkovic,Cinematographer
81863,49678,Camden Wisozk,Chaya Schuppe,Screenwriter
78491,49678,Maddison Ondricka,Alvis Batz,CostumeDesigner
17856,79406,Forrest Schmeler,Fernando McClure,ProductionDesigner
63920,79406,Edna Trantow,Krystina Marvin,Actress
34699,79406,Lea Schaefer,Brian Ledner,ProductionDesigner
59980,14281,Garfield Koepp,Flo Hoeger,MusicComposer
82309,14281,Katelynn Hane,Alycia Lakin,Actor
13708,30715,Vivianne Rohan,Bernice Miller,Producer
23239,30715,Elliott Aufderhar,Adonis Keeling,FilmEditor
73225,72039,Sincere Botsford,Abbie Mann,Producer
28192,72039,Cassandra McDermott,Ebba Haley,Actress
74857,14861,Anabel Bartoletti,Celestine Waters,CostumeDesigner
95767,14861,Kory Stanton,Zakary Hansen,MusicComposer
59063,14861,Laney Denesik,Unique Bauch,Screenwriter
90105,50425,Fatima Kilback,Eryn Blanda,FilmEditor
31830,50425,Zechariah Schmeler,Darron Mohr,Producer
32409,30284,Carley Jerde,Favian Kohler,MusicComposer
32938,30284,Libbie Harris,Alda Funk,Director
71778,59174,Taylor Collins,Anderson Leannon,Producer
51545,59174,Raquel Grant,Darien Kunde,CostumeDesigner
21542,89414,Madilyn Stanton,Consuelo Hessel,Screenwriter
55762,89414,Torey Schuppe,Berneice Gulgowski,Screenwriter
50537,95789,Chadrick Gislason,Dangelo Hahn,Cinematographer
65249,95789,Bulah Beier,Emmanuelle Kutch,Actor
11513,95789,Adela Roberts,Monserrat Gleichner,MusicComposer
80323,6408,Monica McGlynn,Amina Boyer,FilmEditor
14913,6408,Damon Greenholt,Bernita Becker,FilmEditor
52902,18176,Heber Hamill,Quinn Ankunding,MusicComposer
36981,18176,Leanne Botsford,Rashad Runolfsson,CostumeDesigner
58507,18176,Virgie Considine,Zora Lang,Producer
5280,24968,Audra Torphy,Michale Mraz,Actress
64415,24968,Gerald Lowe,Chanel Borer,ProductionDesigner
59948,36931,Dakota Mann,Lillie Hand,Cinematographer
92413,36931,Priscilla Breitenberg,Earline Bernhard,Cinematographer
18103,40646,Juliana Keebler,Valerie Mills,Actor
21728,40646,Bernadette Johnson,Macy Heidenreich,Director
81073,34997,Mckenzie Jones,Lilla Dach,Producer
98097,34997,Patricia Schaefer,Angelina Bayer,Producer
70883,34997,Levi Schroeder,Kattie Flatley,ProductionDesigner
16512,34997,Eddie Bins,Era Roob,FilmEditor
76078,85064,Madelyn Corwin,Wyman Ward,Director
28951,85064,Antwan Rodriguez,Tony Jacobi,FilmEditor
3288,1293,Augustus Wolff,Enrique Herzog,Actress
9518,1293,Michele Lowe,Georgette Hilll,Producer
68000,1293,Veda Wyman,Linnea Boehm,Actor
4261,16685,Celestino Koch,Jeanette Dibbert,CostumeDesigner
11834,16685,Luisa Schoen,Timmy Hauck,Actress
77912,16685,Karson O'Connell,Ashlynn Kihn,FilmEditor
5416,16685,Randi Altenwerth,Lonie Labadie,Screenwriter
53725,63616,Herman Treutel,Alberto Parker,Producer
3911,63616,Kareem Kovacek,Eldred Romaguera,Director
64927,29179,Alysson Hermiston,Shana Murphy,MusicComposer
74139,29179,Rickie Shanahan,Joannie Heller,Producer
67762,1326,Louisa D'Amore,Sibyl Krajcik,Screenwriter
14093,1326,Chaz Glover,Alvina Mayert,Actor
13769,1326,Lois Bogan,Brennan Funk,Actor
25440,1326,Yadira Ullrich,Alfreda Moore,Actor
48151,1326,Scottie Kovacek,Delores O'Reilly,Cinematographer
6817,48665,Don O'Hara,Theodore Vandervort,Director
30387,48665,Janelle Jast,Roberto Balistreri,Cinematographer
690,48665,Retha Kunze,Hadley Padberg,Actress
12606,48665,Ferne Bruen,Julien Kris,Screenwriter
55984,87899,Leanne Hayes,Candelario Heaney,ProductionDesigner
68082,87899,Talon Homenick,Libbie Miller,Screenwriter
49433,14663,Mckayla Kilback,Daniella McClure,ProductionDesigner
24452,14663,Reva Lockman,Clair Thompson,ProductionDesigner
80947,66892,Carolina Kuvalis,Vanessa Abbott,Actress
38918,66892,Boyd Bradtke,Mable Rempel,Actor
84729,80965,Alexandra Johnston,Winifred Padberg,Actress
32211,80965,Janae Nienow,Esther Padberg,Producer
75921,31655,Irving Ritchie,Raul Morissette,Director
62710,31655,Troy O'Kon,Tara Kessler,Director
74708,31655,Isom Boyer,Eve Bernhard,Cinematographer
31704,32140,Benedict Bechtelar,Leo Larson,Producer
93464,32140,Roxane O'Hara,Clarissa Treutel,Actress
25189,63669,Jazmin Kuhic,Brigitte Nikolaus,ProductionDesigner
37525,63669,Berneice Lockman,Freida Dicki,Producer
33463,7103,Madonna Hagenes,Edna Douglas,MusicComposer
34892,7103,Dante Cronin,Derrick Deckow,Actor
50527,50820,Freeda Ryan,Adalberto Ward,ProductionDesigner
12953,50820,Lesly Rohan,Augustine Stracke,FilmEditor
26335,37733,Alexys Windler,Buddy Windler,Screenwriter
38731,37733,Danika Kessler,Constance Ullrich,MusicComposer
13892,78853,Richie Muller,Gus Price,FilmEditor
21805,78853,Abigayle Zboncak,Obie Cassin,CostumeDesigner
29022,78853,Carlotta Konopelski,Esmeralda Ward,CostumeDesigner
23010,78853,Hector Morar,Madalyn Hauck,Screenwriter
21842,78853,Kamryn Ferry,Lee Schneider,Director
28681,30777,Derrick Will,Darien MacGyver,Director
61876,30777,Nora Haley,Cleve Reichel,FilmEditor
76881,30777,Monty O'Hara,David Haag,ProductionDesigner
67501,75620,Molly Kris,Kim Grimes,Director
54803,75620,Johan Wehner,Adelle Schmitt,CostumeDesigner
55585,40477,Jack Crona,Ivory Windler,Screenwriter
72835,40477,Vivienne Boyer,Jerel Stanton,Actor
72914,19122,Charlotte Corkery,Vernice Dooley,Director
12184,19122,Jackie Zemlak,Gabrielle Mitchell,Cinematographer
3992,19122,Noel West,Aracely Rodriguez,Screenwriter
91915,72605,Fermin Dare,Emmanuelle Becker,CostumeDesigner
2877,72605,Reese Casper,Tracy McCullough,FilmEditor
59813,72605,Oran Flatley,Josianne Swaniawski,Screenwriter
25014,83925,Hosea Pouros,Rodrick Mertz,Director
2239,83925,Kylee Cole,Brionna Farrell,CostumeDesigner
24168,6833,Hilda Grant,Edwardo Monahan,Cinematographer
34515,6833,Tanner Lesch,Nikko White,Actor
21005,75666,Queenie Wisoky,Maynard Breitenberg,ProductionDesigner
39874,75666,Darien Wilderman,Zane Fahey,CostumeDesigner
27465,75666,Katheryn Parker,Anna Hackett,Producer
36389,75666,Alexie White,Tevin Little,Cinematographer
98015,26694,Ebba Jacobi,Cleta Harber,Producer
38705,26694,Dudley Kovacek,Einar Fritsch,ProductionDesigner
87698,53901,Ocie Hintz,Marina Willms,MusicComposer
72351,53901,Adella McDermott,Patsy Berge,Actress
58338,53901,Alvis Carroll,Sallie Huels,FilmEditor
4030,53901,Lea Koss,Natasha Feil,Actor
37795,53901,Fabian Rohan,Damien Dickens,Screenwriter
20462,37845,Lew Rosenbaum,Jamel Jast,Actor
13433,37845,Guillermo Grady,Krystel Wintheiser,CostumeDesigner
81018,11557,Morton Muller,Kristofer Schmitt,FilmEditor
91984,11557,General Fadel,Darwin Fisher,MusicComposer
63498,11557,Frederique Stracke,Elta Jaskolski,Producer
42468,11557,Zack Abernathy,Domenico Lowe,Actor
25630,92736,Ryann Stark,Luigi Anderson,Actress
60336,92736,Reta Bernhard,Bud Cummerata,Director
98319,92736,Roxane Bradtke,Wendy Dickinson,Actress
47372,5696,Gonzalo Gutmann,Shayne Bergstrom,MusicComposer
58970,5696,Logan Larkin,Anais Stokes,Producer
3485,37692,Myrl Walker,Jackeline Franecki,Producer
28910,37692,Taurean Larson,Jordon Yost,ProductionDesigner
78144,25629,Haleigh Cole,Aliya Glover,MusicComposer
40770,25629,Mozelle Krajcik,Juana Bergnaum,Producer
47415,80531,Lonie Schaefer,Silas Barrows,Screenwriter
38861,80531,Brittany Lebsack,Ole Bogisich,ProductionDesigner
63899,80531,Royal Franecki,Tobin Mayer,MusicComposer
35460,80531,Adriana Reinger,Nicola Bednar,ProductionDesigner
49916,24605,Bernadette Thiel,Kellie Hills,MusicComposer
56761,24605,Alvah Ullrich,Emiliano Kshlerin,ProductionDesigner
97784,24605,Chris Armstrong,Tracey Hettinger,Actress
16413,72496,Clifford Veum,Sonya Gottlieb,MusicComposer
14964,72496,Sam Sawayn,Kennedy Borer,Actress
66029,80829,Abigail Ankunding,Jaiden Hessel,Director
99922,80829,Dakota Prohaska,Karlie Zieme,Actress
57032,80829,Macie Bartell,Adan Wisoky,Director
99482,80829,Felicia Berge,Maurine Renner,ProductionDesigner
29761,80829,Nyah Kiehn,Rosario Wisozk,Actor
64269,61363,Elvie Welch,Winnifred Nienow,CostumeDesigner
18694,61363,Stephany Brekke,Jada Weissnat,Actress
90537,19195,Frederique Rohan,Anna Nitzsche,Actress
43243,19195,Kaitlin McGlynn,Emmet Strosin,MusicComposer
89171,19195,Cassandra Beier,Grayce Turcotte,Cinematographer
72844,45669,Samson Klocko,Merle Gutmann,Actor
40744,45669,Sydney Tremblay,Luisa Senger,FilmEditor
27081,45669,Adonis Pfannerstill,Adalberto Schulist,Screenwriter
30797,45669,Abby Halvorson,Ivah Will,Producer
53378,86709,Keenan Hessel,Kevon Grady,FilmEditor
67165,86709,Herman Smith,Brook Casper,FilmEditor
49149,78248,Jackson Doyle,Kaleb Runte,Actress
2679,78248,Sam Collier,Elroy Reichel,Producer
95539,78248,Lauren Stokes,Kiana Shields,FilmEditor
24365,58915,Buddy Abernathy,Tremayne Hoppe,Actress
22660,58915,Lenora Grimes,Lindsey Cruickshank,Actress
29654,58915,Antonina Anderson,Lori Quigley,FilmEditor
98091,56333,Charlotte Parisian,Serenity Halvorson,Actress
96833,56333,Maud Buckridge,Marjorie Schamberger,Cinematographer
3034,56333,Keagan Hayes,Oleta Powlowski,Director
3371,72849,Bret Carroll,Eloise Harris,Screenwriter
62254,72849,Peyton Boyer,Earnest Olson,FilmEditor
23673,54743,Rosalia Turcotte,Delphia Blick,Actor
44781,54743,Brendan Fadel,Beverly Cormier,FilmEditor
91405,72107,Ally Nikolaus,Seth Cormier,ProductionDesigner
65750,72107,Stephan Schowalter,Ariel Marks,ProductionDesigner
