Id,Name,Description,ReleaseYear,AgeCertification,Runtime,Genres,ProductionCountry,Seasons
45170,Quia eligendi voluptatem qui.,Incidunt suscipit quo quibusdam accusantium sint mollitia. Nostrum maxime est cumque quibusdam enim. Commodi asperiores iure. Magni velit expedita maiores qui. Repellat fugiat autem dolorum saepe. Quo nemo aut doloribus ea.,1928,R18,151,Action,ROU,4
46345,Ipsum ut omnis id ut.,Delectus quasi animi vero et quo consectetur consequatur. Ut nihil voluptatem. Fugiat autem nihil quas fugit tempore officiis rerum. Soluta earum rerum molestiae quia consequatur aperiam quo ut cum. Odit mollitia maxime autem ut sit et. Minus voluptatem similique molestiae doloribus officia.,1917,TV14,80,Comedy,SYR,9
9529,Totam adipisci voluptas voluptas expedita ut eos repellendus.,Eius qui dolor assumenda omnis suscipit. Voluptates voluptatibus quasi ipsum atque eligendi cumque natus illum aut. Minus porro quia. Voluptatum repellat ab reprehenderit.,1984,S,174,Drama,MYT,4
57127,Nulla aut voluptatem tenetur.,Quod odit distinctio corporis qui enim neque consequatur. Iste nihil id quaerat libero. Aut hic quae. Qui laudantium non ad.,1982,NC17,142,Thriller,SWZ,2
25245,Fugit sed minus et ullam.,Amet nobis voluptatum quo. Minus error voluptates aspernatur et explicabo fuga at corporis sit. Voluptatem fugit esse nobis odit ducimus aspernatur ut et aspernatur. Excepturi sit eius tempora accusantium est praesentium ut qui. Suscipit fuga dolor non dolorem doloremque iure aut dignissimos. Earum magni voluptas a dolorem aut ipsum dolores qui quis.,1937,E,89,Romance|Thriller|Action,DOM,9
71784,Itaque aut recusandae.,Architecto dolor cupiditate eligendi earum. Eaque veritatis omnis. Nobis voluptatibus consequatur perferendis ex autem quos quia tempore ut. Numquam ut reprehenderit dolores sed a praesentium debitis non. Illum incidunt et perspiciatis quia.,1967,R21,68,Action,VAT,4
63647,Perferendis voluptate qui inventore.,Sunt itaque qui ut ipsam. Sint architecto at aut sint neque praesentium qui et et. Amet maiores eaque corrupti. Doloremque et doloremque qui non. Deserunt voluptatem tempora est facere corrupti voluptas. Voluptatem enim voluptatem excepturi corrupti.,1946,U,175,Adventure,ALA,9
65136,Vitae magnam nihil similique aspernatur vel ipsam quam.,Minus perferendis et tenetur eos est perferendis fugit. Quisquam debitis iure necessitatibus est voluptate impedit quis. Voluptates sit facilis est a. Fugiat ut non voluptatem sit iusto. Est eveniet laborum vero enim rerum est.,2002,TVMA,116,Fantasy|Adventure,BRA,1
75650,Repellendus accusantium qui.,Aut accusamus quis esse nostrum omnis eligendi et. Non at numquam. Accusantium sint reiciendis voluptas molestiae eius. Ipsum dolorem est est perspiciatis est rerum. Maiores fugit ad repellat exercitationem eius adipisci labore fugiat.,2004,EC,116,Horror|Sci-Fi|Fantasy,BIH,2
51943,Dolor tenetur tempora sed sunt pariatur sunt incidunt molestias et.,Vel corrupti impedit voluptates nisi voluptatem. In vitae aut distinctio provident unde. Et non assumenda ipsam sint quaerat sit laudantium inventore. Doloribus dolorem magnam sunt laborum ea. Fugiat commodi distinctio aut occaecati et eaque. Blanditiis consequatur commodi repellat quis inventore.,2013,C,81,Sci-Fi|Mystery|Action,YEM,3
89124,Mollitia maxime eius ea esse laudantium.,Aperiam consequatur incidunt debitis deserunt sapiente similique. Iure ut quis natus quas corrupti doloremque. Eligendi tempore voluptatem quasi. Saepe eius nostrum rem sequi sint.,1914,R16,143,Thriller|Comedy,BHR,3
25289,Aut consectetur quis itaque fugiat nobis non.,Aut voluptatibus reprehenderit itaque ex voluptatem quisquam consequuntur sunt. Libero consequatur occaecati qui recusandae. Commodi corporis neque illo.,1962,MPG,158,Comedy,CHL,2
56579,Explicabo est et repudiandae ad amet.,Fuga autem culpa illo aut harum architecto. Ea sunt molestiae at assumenda quis inventore et. Repellendus recusandae itaque non sit aut alias vero id eos. Ex quo dignissimos sint rerum qui ut aliquid et. Id nisi voluptatem autem praesentium.,1940,X18,85,Comedy,SDN,4
32090,Dolorem numquam omnis exercitationem tenetur fugiat qui commodi qui pariatur.,Sed qui atque voluptates. Est sed rerum unde ducimus dicta nihil tempore iusto laboriosam. Hic quisquam eum nobis sit cumque et.,1900,R,134,Thriller,SYC,10
73671,Ut tempora deserunt cupiditate reiciendis et quia dolorem natus reprehenderit.,Porro dolore porro atque. Nesciunt esse quod ut. Reiciendis consectetur porro aut nostrum illo pariatur voluptas inventore aliquid.,1903,TVPG,140,Comedy|Adventure|Thriller,ABW,3
19703,Necessitatibus et rerum veniam accusantium at voluptatem voluptatibus debitis dignissimos.,Cupiditate quaerat vitae ut in repudiandae dolore est et. Et rerum in earum molestias consequatur dolore nisi animi aut. Sint et dolores praesentium sed praesentium. Aut ad eos et quo ut porro cupiditate in. Eligendi quis eaque vitae est.,1980,PG,174,Sci-Fi,PHL,6
74279,Ipsum sapiente harum doloremque quia itaque.,Qui aliquam praesentium quo omnis error eveniet molestiae itaque eius. In eos iure et dolorem facere sed nam at ut. Ipsam sit earum. Esse modi quisquam placeat harum. Labore rem omnis enim cum.,1992,GP,113,Action|Thriller,NZL,3
34656,Aliquam pariatur doloremque.,Vero aut sequi quia id non consequatur iure sunt et. Incidunt illo aut iste perferendis enim. Saepe unde quia vel nemo animi.,1918,6,91,Adventure,BWA,1
89782,Aut et tempora deleniti.,Maiores nam unde fugit est et sunt voluptas fuga rerum. Soluta quia sint asperiores quo temporibus deleniti corporis. Nemo dolor aut consequuntur itaque aliquam modi minima. Quaerat quia soluta aut culpa cumque voluptatum. Non quod voluptate et occaecati sapiente molestiae minus voluptates. Aspernatur saepe autem tempore ducimus.,1904,M,127,Fantasy,MEX,3
37895,Quasi ab similique reprehenderit non sed eum rerum.,Nostrum ex odit. Laborum quidem sed eum delectus quia ut similique. Quis blanditiis omnis nam veritatis maiores et et. Voluptates id est ipsum magnam debitis. Quia rem enim similique et neque qui qui voluptas. Reiciendis eveniet dolores necessitatibus id ut quam.,2014,R,107,Mystery|Thriller,NRU,1
17717,Enim ut et debitis quia.,Sint quam ab et est libero quo facere. Dolorem et aliquam et recusandae itaque. Deleniti sint ratione quisquam fuga similique occaecati eos fugit.,1908,TVY,68,Thriller|Mystery,DNK,10
76742,Et numquam recusandae aliquam aut aliquam amet.,Et fugit nisi. Voluptas facere voluptas voluptates non nesciunt numquam laudantium. Aut sed et et iste alias possimus molestiae sunt. Qui quia qui deleniti error minus nostrum est unde. Maxime qui itaque dolorem consequatur tempora reiciendis vero.,1967,UA,91,Thriller|Adventure,GRD,1
67394,Eligendi qui vero eos ut et minus error et earum.,Dolores voluptatem voluptatem. Quo ipsa ad. Est dignissimos perferendis non suscipit eaque laudantium. Distinctio et eum ut et voluptatem quia neque.,1982,TVY7,125,Thriller,NIC,4
89600,Porro dolorum possimus sapiente et consequatur velit.,Impedit inventore saepe et recusandae porro reiciendis laborum nisi. Dolorum qui eligendi quia quis qui distinctio dolor. Doloribus ipsum quia voluptatem in sapiente. Pariatur sed optio fugit tenetur at.,1943,R21,166,Thriller|Fantasy|Comedy,SUR,3
59661,Totam iure pariatur dolor esse fugit quasi quisquam dolorem.,Facilis aut sit quia fugit odio et iste. Molestiae explicabo cupiditate rem qui officia inventore qui. Commodi voluptatum est. Voluptatem debitis atque ea.,2014,TVG,107,Action|Romance|Sci-Fi,BTN,6
78566,Rerum est sint rem totam quis dignissimos.,Enim qui unde et ut molestiae nesciunt quo occaecati animi. Laboriosam tempore voluptas est voluptatibus animi. Minima magni iste. Nobis alias voluptatem. Qui quis consequatur. Dolorum fugiat corporis aut aut.,1907,6,61,Drama,ALA,1
2127,Quis est nobis corrupti possimus et alias inventore eaque et.,Doloremque sit est voluptatem ab ratione enim distinctio sed. Voluptas est sapiente. Quisquam laborum minima reprehenderit consectetur dolorum omnis. Est ullam voluptas beatae esse. Aut accusamus error. Ducimus consequuntur distinctio.,1957,X18,130,Thriller|Action|Romance,PRK,9
59991,Quos sequi eum possimus maxime nihil dolores repellat qui ad.,Et minima est harum repellendus praesentium aliquid. Aliquam deleniti enim molestias. Vel voluptatem ullam fugit est ut aliquam est aut.,2018,TVY,94,Action|Fantasy,DOM,1
91860,Omnis quas iure earum.,Inventore non deleniti et at in. Saepe illum temporibus nihil incidunt vero et sed fuga. Qui dolor rerum. Voluptatum dolorum iure odio at voluptate quisquam. Facere sint architecto consequatur distinctio a et eum magni culpa. Ipsum alias tempore consectetur molestiae minus itaque rerum culpa.,2018,U,144,Adventure|Romance,CHE,4
9912,Quibusdam recusandae qui consectetur fugit temporibus ut perspiciatis voluptatem.,Aut autem sint aliquam. Aspernatur et aut illo. Reprehenderit sit voluptatem consectetur quasi aspernatur sed. Architecto aut modi. Est excepturi consectetur maiores.,1966,E,115,Sci-Fi,VGB,6
6210,Laudantium dolorum provident.,Magnam mollitia doloribus. Eaque omnis et eaque dolor ad praesentium non et quisquam. Suscipit placeat voluptates. Suscipit est minus ratione enim ipsam. Sed quo adipisci.,2013,GP,111,Adventure|Mystery,SGP,9
48894,Reiciendis in dolorum a dolores dicta dolor ullam rem adipisci.,Nostrum nesciunt rerum sunt. Minus consequatur sunt occaecati quia est ipsa cumque voluptatem dolores. Quos vitae consequuntur aut autem. Ipsam placeat qui numquam dolores ea voluptatibus iure error.,1974,R21,179,Horror|Sci-Fi,UKR,2
36464,Fuga impedit odio.,Earum sunt quia minus eos. Et quo quasi minima. Ut nulla quam suscipit veniam numquam dolorum. Iste corporis officia rem suscipit. Veniam consectetur alias.,1917,EC,103,Comedy|Thriller|Mystery,SJM,9
32823,Vero expedita aut ea nemo in.,Voluptatem eaque occaecati non ex est. Est esse facilis laboriosam quo reprehenderit numquam accusamus et. Adipisci ipsam voluptatum est laborum reprehenderit quia rem.,1922,12,130,Adventure|Thriller,CRI,8
82131,Iste architecto qui nisi eaque eligendi reiciendis assumenda quod voluptatem.,Omnis asperiores amet occaecati optio velit. Dignissimos ratione quo a ullam nesciunt delectus aut labore assumenda. Sed voluptatem corporis totam aut non non porro. Impedit eos tempora qui similique quibusdam odio. Harum ipsum eos cupiditate at sunt odio.,1908,AL,74,Horror|Comedy|Romance,KIR,5
49678,Repudiandae eos reiciendis ducimus voluptatem nihil quaerat aliquid corporis.,Iure et alias. Mollitia nihil voluptates doloremque magnam quia rerum tempora assumenda. Quas minima blanditiis. Aperiam quisquam natus.,1949,S,123,Fantasy,YEM,1
79406,Eum sed architecto et exercitationem corporis optio ut architecto voluptatum.,Debitis facilis qui assumenda quod et expedita illum eum sit. Sed ab et nam vitae voluptas et dolor. Impedit est tenetur distinctio doloribus quisquam. Reprehenderit fugiat autem et dolorem aut earum eos accusantium dolorum.,1975,TVPG,175,Romance,TCD,2
14281,Vero adipisci nihil voluptatem consectetur et debitis voluptatem aliquam.,Quia voluptatem harum ab vel quia recusandae dolorem. Dolore dolor necessitatibus mollitia molestiae velit et dolor. Ad error amet ab rerum praesentium eum. Non quae distinctio a. Blanditiis eveniet dolores libero veniam est minus. Enim neque vero aspernatur.,1969,18,163,Comedy|Mystery|Fantasy,TGO,4
30715,Sint vitae libero rem eveniet.,Veniam dolorum earum laboriosam vitae sint vitae odio temporibus. Beatae molestiae libero et veniam et fugit reprehenderit quia asperiores. Et laboriosam excepturi fuga voluptatem ut et aliquam saepe. Vel et ipsa iure voluptatem et dolorum.,1977,X18,144,Drama|Thriller|Action,PYF,8
72039,Enim eaque numquam eos maxime tempore enim.,Voluptatibus nihil corporis iusto. Ullam aut aut aspernatur doloremque. Est quas vel. Quas quam sed eaque a.,1999,TVY,142,Horror|Thriller,ISL,9
14861,Consequatur qui ea voluptas distinctio veritatis saepe eum iusto culpa.,Sit quos ut minima minima aliquid rerum nobis. Totam fugiat voluptate facilis et quidem recusandae aut sequi commodi. Quisquam quisquam rem commodi similique. Eaque corporis impedit qui autem modi. Numquam hic alias sapiente.,1968,A,150,Horror|Fantasy|Romance,BRN,5
50425,At minus eveniet quo enim.,Exercitationem nam officia ab dolor asperiores. Dolores nostrum aut ea sit recusandae provident non ut. Ullam accusantium id tempora quasi qui quo deserunt provident et. Illum temporibus hic est dignissimos neque.,1947,18,179,Sci-Fi,NOR,2
30284,Voluptatem labore nostrum sunt cumque totam.,Laudantium impedit tenetur dolore aut repellat nulla fugit libero. Praesentium non omnis architecto. Aut ad iure dicta incidunt ut vel. Pariatur voluptas quasi. Voluptatibus laudantium saepe.,1998,R,140,Horror|Fantasy|Adventure,CCK,4
59174,Molestiae atque ad et iure.,Ipsam qui nobis. Numquam mollitia omnis rerum aliquid rerum esse doloribus dolor. Nihil est aut neque veritatis. Velit qui eum minus beatae minima possimus esse. Dicta cumque iure voluptas numquam quia optio facere voluptatem fugit.,1959,C,131,Fantasy,SJM,7
89414,Ipsa doloribus libero atque cum quos est nisi.,Similique quae ut et voluptatem non qui occaecati sint eum. Doloribus animi odio omnis voluptatem placeat. Aperiam rerum distinctio ratione est in. Labore quod quo reiciendis repudiandae molestiae ipsa ipsa. Quaerat animi odit exercitationem est et ipsa. Ipsum vero vero quasi est tempore autem architecto.,1969,AL,169,Action|Romance|Comedy,BGD,3
95789,Ea quia natus omnis porro.,Enim ut aut qui est. Minus voluptate accusamus asperiores fugiat commodi numquam vel. Eum distinctio veritatis qui quae libero ut. Tenetur occaecati dignissimos laboriosam laudantium. Sunt accusamus nam voluptas.,1915,6,138,Horror|Fantasy,AUS,8
6408,Asperiores expedita ut.,Pariatur ratione qui est incidunt. Odio officiis sapiente aut necessitatibus sed ex debitis aliquam rerum. Magni eum in. Enim voluptate velit laboriosam nobis. Porro qui culpa rerum. Aut qui provident et adipisci nihil commodi.,1971,TVPG,102,Horror|Action|Sci-Fi,VGB,1
18176,Vel saepe voluptas consectetur itaque porro vitae.,Quo voluptas iusto id. Sint et reiciendis cum sed neque fuga quidem. Reiciendis ducimus provident eligendi quisquam. Eveniet autem nulla ullam quos et rerum nobis id. Architecto distinctio ut voluptates perferendis. Impedit labore ea odio quia accusamus ratione.,1923,R,115,Drama,NIU,1
24968,Illo et tempore iste eligendi mollitia corporis.,Reprehenderit qui quidem. Quasi esse veritatis quia beatae reprehenderit repellendus. Rerum velit sed quod neque.,1918,R18plus,130,Drama|Thriller|Mystery,PYF,4
36931,Aut quia quia exercitationem.,Facere minus enim labore qui quibusdam est nisi inventore. Aut possimus molestias ullam labore omnis dolores quia. Quia culpa est occaecati alias eius consectetur sed dolores. Suscipit omnis atque culpa in voluptatem voluptates reprehenderit culpa qui. Et maiores velit numquam inventore. Quidem corrupti dolor.,1963,G,109,Drama,CYP,9
40646,Ab accusamus voluptatem numquam nihil natus doloremque adipisci alias eius.,Ut et ut. Sed impedit omnis. Dolor est praesentium autem voluptatem impedit autem omnis recusandae et. Et veniam et. Id eos quibusdam qui commodi ut.,1935,R16,64,Thriller|Adventure,YEM,8
34997,Fuga iusto dolorem voluptates veritatis.,Nulla praesentium consequatur odit sunt. Officia ipsam voluptatibus ut molestiae voluptate a. Assumenda omnis voluptatem delectus earum eum et omnis. Voluptate quas saepe repudiandae voluptas consequatur. Quidem velit mollitia aut. Voluptatum magnam consequatur atque inventore.,1921,C,135,Comedy,HKG,5
85064,Dolore quo quisquam atque.,Explicabo et vitae aperiam voluptatem sint placeat fugit saepe est. Exercitationem voluptatum optio fuga omnis deserunt qui rerum. Aliquam officia vel ad ratione sed id et sequi. Officiis et harum animi labore dicta iste. Accusamus dignissimos nulla enim tempora temporibus nobis ut doloremque. Et adipisci dolorem officia magni et sunt eius ipsa id.,1936,R18plus,134,Horror,MWI,9
1293,Et architecto ad dicta dignissimos ipsam in et fuga.,Vel possimus vero possimus ea odio odio nam. Distinctio tenetur et porro vitae. Ut ullam quidem aliquid soluta ut.,1904,12A,178,Mystery|Horror,BVT,1
16685,Ea non optio sit culpa a.,Esse mollitia neque ipsa qui rerum consequatur. Qui esse vel sed. Consequatur iusto neque natus qui dolorum.,1931,PG,72,Fantasy,SVK,8
63616,Quas esse debitis et odit aliquid temporibus aut voluptate quae.,Nam fugiat delectus. Est incidunt sit asperiores qui nam ex eos omnis minus. Sunt sit sed et velit. Et sint rem aut ea. Quo reprehenderit dolorem.,2010,R16,123,Fantasy|Action,LBY,5
29179,Quaerat qui harum libero ad nulla aut atque et.,Voluptatem rerum consequatur repellat. Quo sit accusamus et consequuntur est qui quibusdam. Tempora pariatur enim iste deserunt ipsa libero incidunt. At sequi et deleniti dicta. Quidem labore quo ipsum sint sit voluptatibus. Dolor velit earum.,1953,S,126,Mystery|Thriller|Sci-Fi,URY,10
1326,Et ut harum laudantium dolorum voluptatem.,Maiores et iure quas. Officiis facilis dolorum voluptas aperiam quae. Veniam dolor et vero voluptates inventore non non perspiciatis. Quia asperiores assumenda ut assumenda est vero aliquid quasi. Est iste ipsa ut eveniet id facere architecto laudantium enim. Ab voluptas aut voluptatibus voluptatibus.,1919,AL,136,Romance|Drama|Sci-Fi,CHE,8
48665,Magni sed quod voluptatem aut labore aut.,Qui consequatur sit libero perspiciatis sint consequatur voluptates minima. Corporis fugiat voluptatem minima quisquam eius. Aliquid maiores molestiae atque quibusdam dolore maxime ipsum ut. Doloremque accusamus minima quasi est excepturi quisquam vitae ut. Necessitatibus quis eveniet. Cupiditate aut molestias reprehenderit.,1931,R16,72,Fantasy|Mystery,GEO,9
87899,Sunt corporis enim illum autem provident harum.,Ut quae omnis qui earum non in voluptatum. Distinctio voluptatem qui. Aliquid aspernatur in blanditiis ducimus. Quia aut aut. Et dolores quas atque molestiae. Ut ut modi pariatur.,1938,E10,110,Mystery|Thriller,WSM,2
14663,Quia atque repudiandae iste consequatur voluptatem magni.,Nobis delectus doloribus sed dolor et consectetur et. Neque eum nobis dicta asperiores itaque dolorum quia minus. Aut aut voluptatem sunt facere ad nemo esse. Molestiae praesentium inventore qui quibusdam magnam sed quasi ut ipsum. Et unde quos fugit iure. Aut recusandae reprehenderit.,1963,TVMA,61,Sci-Fi|Horror,MCO,10
66892,Ut esse voluptates quibusdam explicabo fugiat sequi id.,Facere quia consequatur. Doloribus et delectus et. Animi vel inventore sint asperiores voluptatibus libero. Amet omnis error omnis voluptates eveniet doloribus molestias. Omnis sit delectus rerum ab eum. Non et explicabo.,1948,TVPG,137,Mystery|Fantasy,GRD,7
80965,Reprehenderit incidunt illum nobis sed.,Eaque sint ipsum saepe delectus dicta. Et nam aut dolorem alias tempore non sunt aut voluptatum. Et voluptas aspernatur magni. Sed maiores et facilis distinctio. Nesciunt veniam eaque saepe quod non iste cumque est.,1937,C,157,Action|Adventure,IND,7
31655,Et officiis magnam neque quidem.,Omnis minus voluptate est. Ducimus dolores odio voluptatem ut facilis voluptas atque qui. Debitis maiores sint quia quia minus atque sit numquam.,1924,G,134,Adventure|Drama,SGS,5
32140,Molestiae explicabo quos voluptatem repellendus.,Voluptatem voluptates architecto mollitia. Consequatur repudiandae ut iusto error maxime voluptatum quia consequatur quisquam. Eos laudantium vitae. Ea soluta saepe. Quas dicta omnis libero.,1929,R18plus,86,Comedy,SVK,10
63669,In ipsum commodi ut temporibus ducimus veritatis et eum quam.,Distinctio nisi veritatis recusandae maiores labore iste fugit veritatis. Provident tempora ab et et omnis dolore expedita. Explicabo impedit praesentium magni quo hic voluptatem. A iure ad autem aut recusandae aut consequatur blanditiis est. Unde assumenda qui ipsum incidunt. Et error voluptatem aperiam nobis optio architecto.,2012,12A,155,Sci-Fi,FLK,10
7103,Dolorem ab pariatur vero excepturi.,Hic voluptas molestiae voluptate odit minus ut mollitia at. Placeat aspernatur quis ut voluptatem excepturi vel ut. Perspiciatis ipsum illum soluta dolor quas expedita id. Et dicta ut et neque exercitationem. Distinctio voluptatibus ab.,2015,TVPG,141,Horror|Comedy,MKD,7
50820,Placeat nulla est quam odio.,Deleniti voluptatem dolor culpa incidunt qui. Totam nihil maiores quis voluptatem hic molestiae quisquam magnam. Facilis eos unde aut. Reprehenderit provident aut aut nemo doloribus cupiditate quis. Est ipsum dolorem ipsa iste saepe dignissimos.,1937,NC17,103,Drama,BGR,7
37733,Voluptatem necessitatibus suscipit accusamus quod et porro aut eaque dicta.,Rem animi voluptatem. Accusamus ea neque qui ratione sed occaecati omnis. Blanditiis quia explicabo alias eius iusto itaque ipsum voluptas laborum.,1992,R18,85,Mystery|Thriller|Horror,ERI,6
78853,Ea dolor occaecati omnis dolores non odio.,Commodi error cumque aut non. Qui dignissimos fuga numquam vero rerum dolores ut voluptate esse. Perspiciatis sapiente eum quia nihil aperiam. Impedit nobis inventore eius itaque. Minus saepe ut temporibus. Ipsam quisquam debitis quo in saepe.,1909,6,80,Horror,CAN,10
30777,Dolor eveniet magnam aut sunt corporis provident eos tenetur.,Perferendis qui vel suscipit eos. Dolor nam ex. Corrupti voluptas voluptas aspernatur qui eos. Sunt corrupti et quae consequuntur similique. Atque sed doloremque impedit itaque quaerat consectetur qui.,2002,GP,147,Sci-Fi|Adventure,HND,2
75620,Qui necessitatibus porro nobis.,Dolores est qui odit architecto quibusdam et iste similique. Ullam exercitationem ut consectetur. Maiores consequuntur sapiente dolores velit sed non repellendus. Dolores omnis ipsum a blanditiis rerum eos nihil voluptas sunt. Dolores voluptatum perspiciatis. Fugit quae voluptatem expedita et.,1905,TVY,67,Action|Thriller|Fantasy,CIV,7
40477,Et tenetur assumenda ipsam ipsum amet et nisi.,Et cum ullam voluptates. Aut earum atque soluta. Placeat architecto iste accusamus error. Dicta laborum at veniam voluptate exercitationem. Quisquam ullam ab omnis.,1967,EC,96,Thriller|Drama,GRC,8
19122,Aperiam quibusdam aut atque possimus a ut occaecati velit autem.,Enim voluptas ut quam cumque ratione et. Eos nemo est. Sed quae voluptates sit. Et et ducimus itaque non at non non. Explicabo molestiae sequi explicabo dolor in.,1930,18,139,Drama|Adventure|Fantasy,PAN,2
72605,Enim alias quam reiciendis.,Eveniet deserunt hic ullam aut maiores. Itaque incidunt pariatur aut. Qui amet perferendis excepturi qui.,1920,MA15,72,Horror|Mystery,BTN,1
83925,Id autem earum sint dolores optio veritatis mollitia totam.,Consequuntur eligendi eum explicabo doloribus temporibus id fugit quia. Voluptatem ad esse ad illo impedit quam assumenda. Vel excepturi nihil eveniet provident. Consequatur dolorem ut totam quibusdam doloremque consequuntur. In consequatur sed ad voluptatem numquam laudantium omnis molestiae impedit. Beatae ut animi.,1958,R21,107,Adventure,GEO,5
6833,Quo et autem autem velit tenetur magni tempore amet praesentium.,A explicabo magnam. Quibusdam non et et nihil molestias vel. Et a eum aliquam necessitatibus velit unde alias eum. Laborum dicta numquam.,1970,18,70,Sci-Fi|Drama|Action,VGB,9
75666,Quae ex nesciunt fugit perferendis rerum et voluptatem est.,Eos sunt aliquid deserunt cumque explicabo quisquam itaque. Et quod aspernatur tempora. Adipisci dolores rerum voluptatum dolor labore. Est eos sapiente expedita repudiandae maxime.,1991,6,73,Sci-Fi|Fantasy|Horror,GRC,10
26694,Et velit et sint et at iste omnis suscipit adipisci.,Sapiente quasi illum sit impedit unde magnam officia ut quia. At assumenda ut aliquam ut. Nesciunt illo neque maiores placeat assumenda non quis aliquam. Minus autem et.,1904,R,109,Fantasy,MDG,7
53901,Enim optio inventore provident nihil.,Facere distinctio pariatur. Explicabo maxime nam qui eligendi. Voluptatem quam quia quis provident asperiores omnis quibusdam totam voluptatem. Illo minus aut cumque saepe repudiandae veniam. Non eum veritatis officia nobis fugit dolorem. Vel aut voluptatum consectetur.,1935,UA,154,Drama,ARM,4
37845,Non labore et.,A dolore unde eum. Est ratione aut soluta occaecati cum qui praesentium a dolores. Hic omnis iure fugiat.,1916,R18,65,Romance,ECU,1
11557,Et soluta atque earum voluptatem eveniet ullam quaerat tempore.,Nesciunt maiores ut rerum necessitatibus hic. Ex quidem adipisci voluptatibus sequi et aut. Labore ea eos vel possimus necessitatibus. Voluptas dignissimos aut repudiandae aspernatur optio ipsam ipsam distinctio ad. Voluptates blanditiis eaque.,2003,U,115,Mystery,CHE,3
92736,Rerum deserunt distinctio recusandae illum corrupti omnis doloremque autem nihil.,Et dolores autem neque. Consequatur deleniti beatae reiciendis. Eos et magni sed. Adipisci est ab facilis ipsa placeat consequatur. Sit dolorem harum saepe id nisi eos quam dolorem minima. Neque eaque esse harum sit similique ad dolore.,1915,R18,125,Romance|Comedy|Adventure,CUW,3
5696,Autem accusamus consequatur.,Dolore quis qui id eum dolor quidem. Numquam laborum autem saepe itaque. Deserunt aut omnis sed sequi.,1948,G,136,Mystery|Action,LVA,8
37692,Et itaque cumque impedit atque quas dolor quisquam velit.,Est ut vero possimus dolorum eos. Mollitia reiciendis doloribus eos quae. Eos beatae vel et eum. Quo aliquid et harum. Non molestiae quisquam ut voluptatum rerum omnis rerum voluptatem. Tempora et atque voluptates qui accusamus quia.,2012,UA,112,Drama|Thriller,LCA,9
25629,Ipsa dolor autem veritatis magnam perferendis et.,Dolor reiciendis distinctio et voluptates fuga libero quam quam. In aliquid porro sint voluptates exercitationem quas rerum enim fuga. Aliquam aut optio quia. Aut recusandae optio aliquam non nemo repellat magni. Eum reprehenderit cupiditate magnam ut reprehenderit fuga laborum sed. Voluptates veniam quis aut ea consequatur est excepturi molestiae.,1959,T,128,Comedy|Horror,SSD,2
80531,Commodi laborum placeat molestiae qui eum autem enim enim.,Qui id nulla molestias iure inventore maiores. Quaerat ut veritatis architecto neque commodi magnam similique. Unde a quibusdam.,1919,CA,103,Adventure,PSE,9
24605,Voluptatum asperiores qui veritatis possimus consequatur illum.,Possimus aut vitae minima est molestiae asperiores dolor eum laborum. Id vero aspernatur est nemo aut error enim. Rerum quae laborum voluptatem quis. Voluptate laudantium quibusdam dignissimos itaque ut quas. Deserunt in natus.,1965,TVY7,159,Comedy|Horror|Adventure,GEO,1
72496,Fugiat quod nam est.,Corrupti quia iure. Illum dolores aut molestias qui. Dolores aut est.,1962,PG13,177,Romance,PRY,5
80829,Odit omnis laboriosam aut.,Ea velit fugit culpa neque molestiae ut possimus. Soluta molestiae deserunt magni itaque ducimus. Et eum dolorem excepturi beatae eos odit optio non. Qui similique quis explicabo ut ratione natus.,2022,MA15,140,Adventure,SVK,1
61363,Ipsa veniam aut eos molestiae occaecati dolor.,Quo est dolores quasi sint iure deserunt consequuntur quis. Et suscipit ut iusto et aut. Consequatur tempora quas aut debitis. Ut debitis et. Labore omnis ea dolorum dolorem accusamus repudiandae. Ut earum qui facere ea.,1939,18,87,Romance|Action|Fantasy,CYM,6
19195,Reprehenderit incidunt et aut dolorem vero ut totam.,Dolorem fugiat tempora animi. Recusandae illo amet. Soluta ex voluptatibus. Reiciendis nihil aut. Tempore maiores molestiae expedita et voluptate aperiam corrupti reprehenderit. Consequatur odit voluptatem sint.,1986,PG13,82,Horror,TUR,2
45669,Qui est quaerat assumenda est ipsam.,Veniam sunt doloribus sequi veniam fugiat debitis excepturi debitis. Deserunt blanditiis voluptatum quasi corrupti quae qui eum voluptas. Eum consequatur unde itaque ullam dolorum et aut fuga.,1925,TVY7,113,Mystery|Thriller,JPN,10
86709,In eos id excepturi nostrum quam et.,Natus temporibus doloribus nam laudantium iure recusandae vel et. Quo nemo nobis mollitia temporibus deserunt veritatis corrupti quis. Et nesciunt maiores neque et. Iure aut repellat.,2006,U,94,Drama|Mystery|Comedy,MNE,2
78248,Vel delectus commodi.,Quo beatae a aut placeat cum vitae velit quos. Quae sit tempora aperiam tempora alias et qui repellendus sint. Dolorem sit totam reiciendis voluptatem nihil explicabo. Voluptatem voluptatibus voluptatem.,1946,9,125,Romance|Comedy,LBR,5
58915,Sint quos reiciendis libero laudantium.,Blanditiis exercitationem quos dolorem nihil eligendi ea odit vel aut. Totam rem est sed dolor aperiam. Vitae hic est adipisci quo.,1921,R18,154,Drama|Action,ESH,3
56333,Illum quasi repellat qui aut adipisci et nam nam sint.,Adipisci facere iure natus corrupti omnis sapiente aut fuga ea. Nesciunt alias neque dolor aliquam quia eum magnam. Quis architecto distinctio. Quos ex nihil optio. Eos aut deleniti molestias dolorem eveniet id molestiae laborum.,1904,R18,139,Drama|Romance|Thriller,SLV,7
72849,Ex commodi error inventore.,Ea qui libero ut et perferendis eius libero. Dolor accusamus magni. Dicta et iusto et et quas labore. Et et vero sunt velit iusto corrupti nemo culpa.,2022,E,149,Thriller|Romance|Adventure,MLI,10
54743,Ea sunt et est impedit quis optio deleniti.,Voluptatem cumque optio libero sint quo quidem. Sed voluptas aut distinctio blanditiis. Velit ab fugit quis magni nihil. Et neque enim voluptate enim. Voluptatibus iste adipisci nihil vel. Iste est autem fugiat fuga eos nostrum corrupti hic.,1965,S,71,Adventure|Horror,DZA,5
72107,Iure facilis provident enim nihil voluptate cupiditate facere.,Quia adipisci voluptatem deserunt quo amet accusamus. Consequatur eius quo tenetur nulla deleniti unde quo nihil qui. Consequatur quisquam quibusdam. Laudantium iure sequi architecto dolores omnis. Aperiam eum nihil quasi molestiae molestiae quia qui doloremque.,1922,X18,129,Sci-Fi|Adventure,CRI,7
